Id,Uber Type,Origin Region,Destination Region,Origin Latitude,Origin Longitude,Destination Latitude,Destination Longitude,Journey Distance(m),Departure Date,Departure Time,Travel Time(s),Arrival Time,Fare$,Pattern,origin_node,destination_node,dijkstra_dist,dist_diff,dtime,time_diff,Origin pred,Destination pred
ID3114825351,1,5,3,-37.8154311,144.928168,-37.818580499999996,144.984077,6438.0,2018-07-05,18:49:22,1499.7600000000007,19:14:21,14.2,ID3,206204610,575434478,6438.0,0.0,1499.76,0.0,5,3
ID5334742706,2,4,8,-37.805510600000005,144.9986564,-37.807202000000004,145.0266373,2669.0,2018-04-13,06:45:07,667.9200000000002,6:56:14,74.0,ID5,2481930364,304700558,2669.0,-1.199999999999818,667.92,0.0,4,8
ID1849743912,0,9,2,-38.1109156,144.65417250000002,-37.82183920000001,144.95183400000002,42337.0,2018-04-10,10:36:41,10170.359999999991,13:26:11,13.24,ID1,5002706670,589763586,42337.0,-9.099999999998545,10170.36,-0.0,9,2
ID1450829119,0,8,6,-37.8158343,145.04645,-37.773845,144.9836895,10698.0,2018-06-06,13:02:45,2735.16,13:48:20,11.6,ID1,1889485053,2455254499,10698.0,-6.799999999999272,2735.16,0.0,8,6
ID3497343760,1,2,9,-37.814923,144.93756489999998,-38.1109156,144.65417250000002,42616.0,2018-04-11,08:28:12,10213.02,11:18:25,41.02,ID3,634777969,5002706670,42616.0,0.0,10213.02,0.0,2,9
ID1704354920,0,7,3,-37.8618349,144.90571599999998,-37.8142023,144.9729142,8522.0,2018-06-02,12:10:03,2901.7799999999993,12:58:24,15.37,ID1,1390575046,588191344,8522.0,0.0,2901.78,-0.0,7,3
ID1825295076,0,6,2,-37.7907967,144.985865,-37.8145205,144.94653830000001,5173.0,2018-02-01,16:29:02,1425.12,16:52:47,7.77,ID1,4307007286,636754534,5173.0,0.0,1425.12,0.0,6,2
ID1119389953,0,9,5,-38.1109156,144.65417250000002,-37.80782429999999,144.93392880000002,43160.0,2018-03-14,23:32:29,10334.039999999997,2:24:43,19.56,ID1,5002706670,5556316824,43160.0,0.0,10334.04,-0.0,9,5
ID3716389727,1,7,8,-37.8618349,144.90571599999998,-37.8158343,145.04645,15151.0,2018-05-11,13:06:37,4911.5999999999985,14:28:28,26.06,ID3,1390575046,1889485053,15151.0,-6.299999999999272,4911.6,-0.0,7,8
ID1811913818,0,1,7,-37.8143884,144.95878019999998,-37.8618349,144.90571599999998,8384.0,2018-02-16,00:29:02,2883.42,1:17:05,14.51,ID1,131107544,1390575046,8384.0,0.0,2883.42,0.0,1,7
ID1871328536,0,3,8,-37.8124011,144.97360780000002,-37.8158343,145.04645,6800.0,2018-03-24,07:30:35,2008.56,8:04:03,9.4,ID1,4746122983,1889485053,6800.0,0.0,2008.56,0.0,3,8
ID5854409363,2,5,3,-37.806295899999995,144.9282542,-37.823122399999995,144.98919990000002,6263.0,2018-07-25,20:43:57,1601.6399999999994,21:10:38,172.0,ID5,581703526,4380043475,6263.0,0.0,1601.64,-0.0,5,3
ID1260808651,0,8,9,-37.8158343,145.04645,-38.1109156,144.65417250000002,51032.0,2018-02-07,02:33:45,12681.059999999998,6:05:06,23.22,ID1,1889485053,5002706670,51032.0,-6.5,12681.06,-0.0,8,9
ID3479452150,1,8,9,-37.807202000000004,145.0266373,-38.1109156,144.65417250000002,49777.0,2018-02-14,15:59:55,12069.78,19:21:04,55.16,ID3,304700558,5002706670,49777.0,0.0,12069.78,0.0,8,9
ID3606598825,1,6,8,-37.7908183,144.9857929,-37.8158343,145.04645,7471.0,2018-05-06,22:00:10,2192.7000000000007,22:36:42,26.64,ID3,4307007287,1889485053,7471.0,0.0,2192.7,0.0,6,8
ID3476246580,1,2,9,-37.8158541,144.93729580000002,-38.1109156,144.65417250000002,42607.0,2018-03-14,15:32:09,10230.66,18:22:39,45.99,ID3,1560149477,5002706670,42607.0,0.0,10230.66,0.0,2,9
ID1890697053,0,3,5,-37.82042070000001,144.98500239999998,-37.8050894,144.9368101,5400.0,2018-07-11,07:24:51,1371.84,7:47:42,5.52,ID1,54552189,3790949317,5400.0,0.0,1371.84,0.0,3,5
ID1738680286,0,3,7,-37.8257466,144.9844918,-37.8618349,144.90571599999998,8934.0,2018-02-10,03:20:12,2940.96,4:09:12,17.43,ID1,746912634,1390575046,8934.0,0.0,2940.96,0.0,3,7
ID1961079900,0,1,9,-37.813099,144.93642649999998,-38.1109156,144.65417250000002,43006.0,2018-02-22,21:05:40,10345.38,23:58:05,21.76,ID1,710002037,5002706670,43006.0,0.0,10345.38,0.0,1,9
ID1205577278,0,8,3,-37.807202000000004,145.0266373,-37.8230779,144.9767343,6125.0,2018-02-21,12:57:57,1483.5600000000004,13:22:40,11.29,ID1,304700558,267349632,6125.0,0.0,1483.56,0.0,8,3
ID1933781766,0,6,4,-37.7907967,144.985865,-37.800553799999996,144.9911639,1601.0,2018-02-28,04:55:02,500.04,5:03:22,12.28,ID1,4307007286,356474751,1601.0,0.0,500.04,0.0,6,4
ID3565459037,1,6,5,-37.7738026,144.98364660000001,-37.7985094,144.9200724,10792.0,2018-02-01,22:27:32,3298.4399999999987,23:22:30,27.87,ID3,2455254505,1713471333,10792.0,0.0,3298.44,-0.0,6,5
ID1253153508,0,1,8,-37.8200095,144.9614139,-37.807202000000004,145.0266373,6900.0,2018-05-14,16:30:52,1713.7200000000007,16:59:25,10.61,ID1,4520380442,304700558,6900.0,0.0,1713.72,0.0,1,8
ID1538477649,0,8,5,-37.8158343,145.04645,-37.815388299999995,144.9280707,11753.0,2018-04-03,00:50:44,3264.659999999999,1:45:08,13.99,ID1,1889485053,206204609,11753.0,0.0,3264.66,-0.0,8,5
ID1800589208,0,9,3,-38.1109156,144.65417250000002,-37.8201492,144.9687586,44049.0,2018-04-10,13:30:53,10607.459999999995,16:27:40,18.47,ID1,5002706670,846547082,44049.0,0.0,10607.46,-0.0,9,3
ID1978358585,0,8,5,-37.8158343,145.04645,-37.808746299999996,144.92591409999997,11004.0,2018-03-28,12:17:55,3117.4799999999977,13:09:52,11.25,ID1,1889485053,373650775,11004.0,0.0,3117.48,-0.0,8,5
ID1134164861,0,1,4,-37.8077086,144.9713827,-37.797307399999994,145.00907019999997,4339.0,2018-05-07,07:33:05,1157.46,7:52:22,6.86,ID1,6167357840,282852644,4339.0,0.0,1157.46,0.0,1,4
ID3727096732,1,6,2,-37.773845,144.9836895,-37.8223097,144.94687530000002,7131.0,2018-01-14,23:09:01,1593.960000000001,23:35:34,23.96,ID3,2455254499,5682688503,7131.0,0.0,1593.84,0.12,6,2
ID3448449313,1,5,9,-37.8191503,144.925218,-38.1109156,144.65417250000002,43785.0,2018-06-01,04:40:08,10510.2,7:35:18,52.93,ID3,2970973182,5002706670,43785.0,0.0,10510.2,0.0,5,9
ID1269331379,0,1,8,-37.807621399999995,144.9628384,-37.807202000000004,145.0266373,6214.0,2018-06-08,04:04:34,1598.8800000000006,4:31:12,13.52,ID1,5982185662,304700558,6214.0,0.0,1598.88,0.0,1,8
ID1846141515,0,3,6,-37.825292100000006,144.9821561,-37.7874421,144.9804091,4741.0,2018-01-27,16:15:56,1248.12,16:36:44,13.8,ID1,6131957212,2204638268,4741.0,0.0,1248.12,0.0,3,6
ID1980565742,0,4,3,-37.8023772,145.00951980000002,-37.817088399999996,144.98514169999999,3371.0,2018-01-21,18:07:02,923.34,18:22:25,13.95,ID1,544367430,60096667,3371.0,0.0,923.34,0.0,4,3
ID1350096003,0,4,6,-37.806301899999994,144.9973646,-37.7907967,144.985865,2978.0,2018-02-14,17:18:36,863.8199999999998,17:32:59,7.99,ID1,3807748036,4307007286,2978.0,0.0,863.82,-0.0,4,6
ID3235424352,1,2,6,-37.8165715,144.93772019999997,-37.773845,144.9836895,7173.0,2018-04-21,07:48:50,1675.32,8:16:18,12.29,ID3,6021320963,2455254499,7173.0,0.0,1675.32,0.0,2,6
ID3208317053,1,2,9,-37.8195201,144.94351269999999,-38.1109156,144.65417250000002,41351.0,2018-06-07,13:13:54,9927.48,15:59:21,44.9,ID3,560986725,5002706670,41351.0,0.0,9927.48,0.0,2,9
ID5866766730,2,5,1,-37.8117265,144.9297369,-37.81031779999999,144.97274050000001,5136.0,2018-05-21,09:46:44,1290.3600000000008,10:08:14,133.46,ID5,4893634024,2189497243,5136.0,0.0,1290.06,0.3,5,1
ID3130697064,1,2,1,-37.811894099999996,144.9393496,-37.798314899999994,144.96001619999998,3186.0,2018-05-15,15:15:56,797.1600000000003,15:29:13,14.23,ID3,634783037,363384252,3186.0,0.0,797.16,0.0,2,1
ID3919226887,1,7,2,-37.8618349,144.90571599999998,-37.824423700000004,144.9365901,9914.0,2018-02-15,06:35:36,3307.74,7:30:43,18.21,ID3,1390575046,529158783,9914.0,0.0,3307.74,0.0,7,2
ID1181039205,0,5,7,-37.8060886,144.9288979,-37.8618349,144.90571599999998,11236.0,2018-03-27,20:30:59,3573.0600000000004,21:30:32,10.7,ID1,581706377,1390575046,11236.0,0.0,3573.06,0.0,5,7
ID1985214624,0,7,4,-37.8618349,144.90571599999998,-37.8107072,144.99593180000002,10629.0,2018-03-08,09:17:05,3497.5799999999977,10:15:22,8.64,ID1,1390575046,248746705,10629.0,0.0,3497.58,-0.0,7,4
ID1534451388,0,9,3,-38.1109156,144.65417250000002,-37.819316,144.97903469999997,44835.0,2018-06-07,12:51:57,10785.000000000002,15:51:42,16.66,ID1,5002706670,576879082,44835.0,0.0,10785.0,0.0,9,3
ID3231551457,1,8,7,-37.8158343,145.04645,-37.8618349,144.90571599999998,15151.0,2018-04-10,14:22:47,4917.479999999999,15:44:44,28.25,ID3,1889485053,1390575046,15151.0,0.0,4917.48,-0.0,8,7
ID1741001044,0,6,8,-37.7874325,144.9803767,-37.8158343,145.04645,8361.0,2018-01-06,18:02:13,2438.22,18:42:51,14.03,ID1,2204638282,1889485053,8361.0,0.0,2438.22,0.0,6,8
ID3578778757,1,8,3,-37.8158343,145.04645,-37.822304200000005,144.96834840000002,7979.0,2018-02-07,16:07:26,2364.360000000001,16:46:50,19.34,ID3,1889485053,5058108346,7979.0,0.0,2364.36,0.0,8,3
ID1503557869,0,3,7,-37.8193391,144.98325359999998,-37.8618349,144.90571599999998,9153.0,2018-02-03,03:51:35,3025.5,4:42:00,19.84,ID1,358732441,1390575046,9153.0,0.0,3025.5,0.0,3,7
ID3600326015,1,9,7,-38.1109156,144.65417250000002,-37.8618349,144.90571599999998,50797.0,2018-01-03,21:22:53,13204.979999999996,1:02:57,60.38,ID3,5002706670,1390575046,50797.0,0.0,13204.98,-0.0,9,7
ID3825037960,1,1,4,-37.8012256,144.9531925,-37.8011886,144.98928180000001,3520.0,2018-07-03,22:58:03,875.1600000000004,23:12:38,18.2,ID3,475511480,1404216323,3520.0,0.0,875.16,0.0,1,4
ID1369131542,0,1,1,-37.8181701,144.9503585,-37.8114445,144.9689005,1942.0,2018-02-21,22:33:26,486.6,22:41:32,13.38,ID1,827020189,247018750,1942.0,0.0,486.6,0.0,1,1
ID5502303409,2,9,4,-38.1109156,144.65417250000002,-37.8135859,145.0120655,48228.0,2018-03-19,07:15:16,11594.4,10:28:30,1108.48,ID5,5002706670,3721154044,48228.0,0.0,11594.4,0.0,9,4
ID1922886237,0,9,2,-38.1109156,144.65417250000002,-37.8199086,144.9507783,42151.0,2018-02-28,08:01:48,10137.539999999997,10:50:45,12.15,ID1,5002706670,301544536,42151.0,0.0,10137.54,-0.0,9,2
ID1550369374,0,6,2,-37.7738026,144.98364660000001,-37.8152039,144.9367257,9939.0,2018-01-01,00:47:33,3006.059999999998,1:37:39,13.88,ID1,2455254505,634775884,9939.0,0.0,3006.06,-0.0,6,2
ID1580926818,0,9,3,-38.1109156,144.65417250000002,-37.823145000000004,144.9781905,44985.0,2018-07-09,07:08:01,10836.539999999997,10:08:37,12.19,ID1,5002706670,2088335572,44985.0,0.0,10836.54,-0.0,9,3
ID3620900281,1,2,8,-37.8208641,144.9474851,-37.807202000000004,145.0266373,8161.0,2018-02-18,12:28:30,1957.8000000000013,13:01:07,20.94,ID3,844461363,304700558,8161.0,0.0,1957.8,0.0,2,8
ID1865371047,0,7,9,-37.8618349,144.90571599999998,-38.1109156,144.65417250000002,50797.0,2018-05-18,00:48:05,13173.36,4:27:38,23.78,ID1,1390575046,5002706670,50797.0,0.0,13173.36,0.0,7,9
ID1627020252,0,2,9,-37.81347529999999,144.9405227,-38.1109156,144.65417250000002,42351.0,2018-01-23,06:57:31,10155.12,9:46:46,11.81,ID1,1224854808,5002706670,42351.0,0.0,10155.12,0.0,2,9
ID3819140618,1,7,3,-37.8618349,144.90571599999998,-37.8127728,144.98372519999998,9356.0,2018-07-05,12:00:41,3193.8599999999988,12:53:54,21.33,ID3,1390575046,3146808059,9356.0,0.0,3193.86,-0.0,7,3
ID5612180176,2,7,3,-37.8618349,144.90571599999998,-37.8117705,144.97473,8809.0,2018-03-06,09:58:58,2947.0799999999986,10:48:05,289.97,ID5,1390575046,268533990,8809.0,0.0,2947.08,-0.0,7,3
ID1999205788,0,2,8,-37.8256534,144.9298935,-37.8158343,145.04645,15186.0,2018-01-26,12:54:36,4062.06,14:02:18,11.28,ID1,4957761322,1889485053,15186.0,0.0,4062.06,0.0,2,8
ID3920056490,1,3,6,-37.8106736,144.9867134,-37.7874325,144.9803767,3304.0,2018-06-13,01:46:25,783.6600000000002,1:59:28,18.82,ID3,547568994,2204638282,3304.0,0.0,783.66,0.0,3,6
ID1964716906,0,2,9,-37.824583700000005,144.9465944,-38.1109156,144.65417250000002,42203.0,2018-01-05,01:48:04,10156.259999999998,4:37:20,22.58,ID1,571731196,5002706670,42203.0,0.0,10156.26,-0.0,2,9
ID1125574036,0,4,6,-37.8030914,145.008892,-37.7908183,144.9857929,3210.0,2018-07-04,23:59:39,825.5400000000002,0:13:24,12.31,ID1,277366891,4307007287,3210.0,0.0,825.54,0.0,4,6
ID5776020135,2,8,6,-37.8158343,145.04645,-37.7738026,144.98364660000001,13562.0,2018-01-07,04:32:01,4192.259999999998,5:41:53,432.81,ID5,1889485053,2455254505,13562.0,0.0,4192.26,-0.0,8,6
ID3767546518,1,7,9,-37.8618349,144.90571599999998,-38.1109156,144.65417250000002,50797.0,2018-05-09,23:58:34,13173.36,3:38:07,61.55,ID3,1390575046,5002706670,50797.0,0.0,13173.36,0.0,7,9
ID1400882206,0,5,9,-37.8111596,144.9295583,-38.1109156,144.65417250000002,44104.0,2018-06-15,06:40:26,10565.04,9:36:31,11.26,ID1,373657257,5002706670,44104.0,0.0,10565.04,0.0,5,9
ID1191877299,0,8,3,-37.807202000000004,145.0266373,-37.8250104,144.9847345,5720.0,2018-01-05,13:37:22,1402.92,14:00:44,9.86,ID1,304700558,746912615,5720.0,0.0,1402.92,0.0,8,3
ID3450199446,1,4,8,-37.799827799999996,144.9899197,-37.8158343,145.04645,6151.0,2018-04-05,15:17:57,1898.7000000000005,15:49:35,16.49,ID3,2469584361,1889485053,6151.0,0.0,1898.7,0.0,4,8
ID3118012593,1,1,4,-37.819864700000004,144.9525642,-37.811604700000004,145.0140616,6158.0,2018-03-06,09:03:20,1564.14,9:29:24,10.09,ID3,4267683944,903976209,6158.0,0.0,1564.14,0.0,1,4
ID3635676596,1,1,8,-37.802431,144.9544456,-37.8158343,145.04645,8365.0,2018-03-19,21:59:20,2329.86,22:38:09,24.14,ID3,611991924,1889485053,8365.0,0.0,2329.86,0.0,1,8
ID1756148629,0,6,5,-37.7874421,144.9804091,-37.8187252,144.9166737,7944.0,2018-05-28,09:40:58,2072.2799999999993,10:15:30,6.74,ID1,2204638268,6209089619,7944.0,0.0,2072.28,-0.0,6,5
ID1379822891,0,6,8,-37.773845,144.9836895,-37.807202000000004,145.0266373,8606.0,2018-07-06,20:25:11,1995.7200000000007,20:58:26,8.98,ID1,2455254499,304700558,8606.0,0.0,1995.72,0.0,6,8
ID1529610066,0,9,2,-38.1109156,144.65417250000002,-37.8148583,144.9360023,42780.0,2018-03-11,08:29:33,10283.82,11:20:56,18.15,ID1,5002706670,709978061,42780.0,0.0,10283.82,0.0,9,2
ID1924149089,0,5,9,-37.8048149,144.9257383,-38.1109156,144.65417250000002,44203.0,2018-03-24,07:22:10,10591.8,10:18:41,18.23,ID1,581736616,5002706670,44203.0,0.0,10591.8,0.0,5,9
ID1570836934,0,2,3,-37.81112529999999,144.93695559999998,-37.8262476,144.9857266,5289.0,2018-01-12,21:35:24,1269.12,21:56:33,12.32,ID1,506045571,575553617,5289.0,0.0,1269.12,0.0,2,3
ID1754750546,0,4,6,-37.805485100000006,145.00446019999998,-37.7738026,144.98364660000001,9568.0,2018-02-21,06:36:16,2955.42,7:25:31,5.85,ID1,6133672106,2455254505,9568.0,0.0,2955.42,0.0,4,6
ID3292199442,1,6,2,-37.7874421,144.9804091,-37.8184922,144.948613,5307.0,2018-06-19,23:52:42,1340.16,0:15:02,22.51,ID3,2204638268,92139159,5307.0,0.0,1340.16,0.0,6,2
ID1793796096,0,2,6,-37.8205798,144.9487118,-37.7908183,144.9857929,5528.0,2018-03-01,07:46:28,1302.9599999999996,8:08:10,6.58,ID1,2347007245,4307007287,5528.0,0.0,1302.96,-0.0,2,6
ID1540964193,0,7,2,-37.8618349,144.90571599999998,-37.8249321,144.94944740000003,8675.0,2018-06-26,12:47:04,2955.6600000000008,13:36:19,12.6,ID1,1390575046,452381038,8675.0,0.0,2955.66,0.0,7,2
ID3995440640,1,5,6,-37.80492460000001,144.9348886,-37.7908183,144.9857929,6134.0,2018-07-05,00:51:47,1644.66,1:19:11,21.75,ID3,30942440,4307007287,6134.0,0.0,1644.66,0.0,5,6
ID1671457862,0,1,8,-37.7992068,144.9613139,-37.807202000000004,145.0266373,6333.0,2018-04-01,17:52:06,1640.82,18:19:26,14.67,ID1,367098724,304700558,6333.0,0.0,1640.82,0.0,1,8
ID5398715140,2,6,8,-37.7874421,144.9804091,-37.8158343,145.04645,8357.0,2018-07-18,09:43:00,2437.38,10:23:37,245.01,ID5,2204638268,1889485053,8357.0,0.0,2437.38,0.0,6,8
ID1509228157,0,2,8,-37.8148533,144.9378063,-37.807202000000004,145.0266373,8656.0,2018-03-21,03:46:31,2186.34,4:22:57,12.85,ID1,634777979,304700558,8656.0,0.0,2186.34,0.0,2,8
ID3682361082,1,3,5,-37.8179454,144.9934471,-37.803210299999996,144.93564530000003,5981.0,2018-05-09,16:50:32,1525.9200000000005,17:15:57,14.47,ID3,1463620472,3555805910,5981.0,0.0,1525.92,0.0,3,5
ID3973292575,1,5,8,-37.812022799999994,144.9262547,-37.8158343,145.04645,11143.0,2018-03-25,07:52:40,3131.16,8:44:51,18.04,ID3,373652147,1889485053,11143.0,0.0,3131.16,0.0,5,8
ID1701078915,0,6,4,-37.7907967,144.985865,-37.8039339,144.9920078,2079.0,2018-05-25,15:23:16,610.6800000000002,15:33:26,9.35,ID1,4307007286,2430634484,2079.0,0.0,610.68,0.0,6,4
ID1172100328,0,3,6,-37.8098341,144.9890733,-37.7907967,144.985865,2598.0,2018-04-21,17:09:51,747.24,17:22:18,12.19,ID1,241807192,4307007286,2598.0,0.0,747.24,0.0,3,6
ID1714701450,0,3,8,-37.8211636,144.9781181,-37.8158343,145.04645,7080.0,2018-04-17,15:29:59,2084.34,16:04:43,11.11,ID1,5402876214,1889485053,7080.0,0.0,2084.34,0.0,3,8
ID1556747169,0,7,6,-37.8618349,144.90571599999998,-37.7907967,144.985865,11711.0,2018-01-06,02:56:32,3859.7999999999984,4:00:51,18.94,ID1,1390575046,4307007286,11711.0,0.0,3859.8,-0.0,7,6
ID1138390109,0,6,9,-37.7907967,144.985865,-38.1109156,144.65417250000002,47193.0,2018-01-04,23:50:57,11530.62,3:03:07,19.39,ID1,4307007286,5002706670,47193.0,0.0,11530.62,0.0,6,9
ID1638144992,0,8,5,-37.8158343,145.04645,-37.80542,144.9282301,11131.0,2018-01-04,06:11:20,3179.28,7:04:19,6.08,ID1,1889485053,581709069,11131.0,0.0,3179.28,0.0,8,5
ID5957955604,2,3,7,-37.821635,144.99863169999998,-37.8618349,144.90571599999998,10387.0,2018-04-09,01:09:46,3330.42,2:05:16,345.78,ID5,248746980,1390575046,10387.0,0.0,3330.42,0.0,3,7
ID3333147093,1,1,4,-37.8108053,144.9478465,-37.79833789999999,145.0069061,8225.0,2018-05-12,01:03:38,2320.26,1:42:18,27.06,ID3,2427549062,282852609,8225.0,0.0,2320.26,0.0,1,4
ID1755132231,0,8,2,-37.807202000000004,145.0266373,-37.821381,144.9444542,8444.0,2018-06-02,00:59:28,1979.7599999999993,1:32:27,19.12,ID1,304700558,2642814897,8444.0,0.0,1979.76,-0.0,8,2
ID1875153364,0,4,3,-37.8040971,144.99548969999998,-37.8142456,144.9744632,2800.0,2018-02-24,20:36:24,742.5600000000003,20:48:46,13.29,ID1,3121574837,2771805040,2800.0,0.0,742.56,0.0,4,3
ID1249856766,0,4,7,-37.803723600000005,145.010641,-37.8618349,144.90571599999998,12785.0,2018-06-13,02:56:45,4052.700000000001,3:04:00,15.46,ID1,2176972928,1390575046,12785.0,0.0,4052.7,0.0,4,7
ID3584641039,1,7,4,-37.8618349,144.90571599999998,-37.813147799999996,145.01100449999998,12236.0,2018-04-28,05:49:57,3908.159999999999,6:55:05,32.22,ID3,1390575046,1277988750,12236.0,0.0,3908.16,-0.0,7,4
ID3684973029,1,1,5,-37.8110223,144.9505115,-37.8111596,144.9295583,2764.0,2018-06-08,00:01:01,674.1600000000002,0:12:15,17.57,ID3,332544860,373657257,2764.0,0.0,674.16,0.0,1,5
ID3484377130,1,5,4,-37.7943924,144.9349072,-37.8001821,145.0032238,8845.0,2018-03-27,11:55:23,2185.0199999999995,16:48:49,12.18,ID3,2420374236,207093531,8845.0,0.0,2185.02,-0.0,5,4
ID1970984654,0,1,2,-37.808235100000005,144.9603205,-37.82313,144.93784,3683.0,2018-02-14,22:58:49,915.24,0:55:54,14.98,ID1,2190483579,1899315556,3683.0,0.0,915.24,0.0,1,2
ID3349988119,1,4,5,-37.806920899999994,145.001615,-37.805121899999996,144.9261401,7412.0,2018-02-11,19:10:02,1959.4799999999993,19:42:41,19.7,ID3,1093410256,581709563,7412.0,0.0,1959.48,-0.0,4,5
ID1952748853,0,4,8,-37.8136381,145.000099,-37.807202000000004,145.0266373,3223.0,2018-04-12,15:01:05,787.2599999999996,15:14:12,9.97,ID1,2239389711,304700558,3223.0,0.0,787.26,-0.0,4,8
ID1118911152,0,5,4,-37.80522,144.9255324,-37.8080174,144.9955836,6805.0,2018-06-26,16:03:49,1663.0199999999998,20:34:30,9.74,ID1,202779119,746340938,6805.0,0.0,1663.02,-0.0,5,4
ID3497659363,1,8,7,-37.807202000000004,145.0266373,-37.8618349,144.90571599999998,13986.0,2018-01-16,19:01:04,4298.280000000002,20:12:42,26.1,ID3,304700558,1390575046,13986.0,0.0,4298.28,0.0,8,7
ID1945956664,0,7,8,-37.8618349,144.90571599999998,-37.8158343,145.04645,15151.0,2018-02-14,04:57:35,4911.5999999999985,6:19:26,16.4,ID1,1390575046,1889485053,15151.0,0.0,4911.6,-0.0,7,8
ID1862615518,0,4,9,-37.8013327,144.99121399999999,-38.1109156,144.65417250000002,47060.0,2018-03-03,14:31:32,11384.64,17:41:16,22.63,ID1,1982309202,5002706670,47060.0,0.0,11384.64,0.0,4,9
ID3481840234,1,8,9,-37.807202000000004,145.0266373,-38.1109156,144.65417250000002,49777.0,2018-05-11,12:45:11,12069.78,16:06:20,52.57,ID3,304700558,5002706670,49777.0,0.0,12069.78,0.0,8,9
ID1214003313,0,2,6,-37.818735600000004,144.91662390000002,-37.7874325,144.9803767,7935.0,2018-01-23,18:36:32,2064.600000000001,19:10:56,10.17,ID1,6209089617,2204638282,7935.0,0.0,2064.6,0.0,2,6
ID1857229906,0,3,6,-37.820777500000005,145.0016332,-37.7907967,144.985865,4727.0,2018-04-16,00:09:39,1287.1800000000005,1:45:20,14.52,ID1,331420120,4307007286,4727.0,0.0,1287.18,0.0,3,6
ID5211885161,2,5,7,-37.805031400000004,144.92790559999997,-37.8618349,144.90571599999998,11381.0,2018-01-23,12:00:38,3744.42,17:57:45,368.72,ID5,581713855,1390575046,11381.0,0.0,3744.42,0.0,5,7
ID1770518838,0,1,5,-37.818865,144.9548997,-37.8152655,144.9277894,3868.0,2018-03-18,04:25:09,971.4,4:41:20,17.2,ID1,6167191697,4754200384,3868.0,0.0,971.4,0.0,1,5
ID5890777594,2,6,2,-37.7908183,144.9857929,-37.8157195,144.9371449,6199.0,2018-04-20,01:42:54,1611.54,2:09:45,180.03,ID5,4307007287,1560149473,6199.0,0.0,1611.54,0.0,6,2
ID1644791310,0,8,7,-37.8158343,145.04645,-37.8618349,144.90571599999998,15151.0,2018-04-08,23:31:39,4917.479999999999,4:07:52,20.83,ID1,1889485053,1390575046,15151.0,0.0,4917.48,-0.0,8,7
ID5726906756,2,9,3,-38.1109156,144.65417250000002,-37.8247719,145.0073524,47741.0,2018-05-02,05:08:14,11539.620000000004,11:30:30,1120.18,ID5,5002706670,260907255,47741.0,0.0,11539.62,0.0,9,3
ID3721506213,1,1,4,-37.8068271,144.9548986,-37.804233200000006,144.9939455,3966.0,2018-01-12,07:23:52,1023.6600000000008,7:56:43,8.28,ID3,777789266,1404221282,3966.0,0.0,1023.66,0.0,1,4
ID5822956314,2,2,1,-37.814836799999995,144.9376909,-37.80742,144.9711465,3249.0,2018-02-02,23:56:06,800.22,0:09:26,106.14,ID5,710035335,767667831,3249.0,0.0,800.22,0.0,2,1
ID3694315451,1,7,2,-37.8618349,144.90571599999998,-37.8243312,144.95246880000002,8298.0,2018-01-02,04:08:15,2927.5799999999995,4:57:02,24.36,ID3,1390575046,4442505890,8298.0,0.0,2927.58,-0.0,7,2
ID1496392701,0,5,9,-37.806306299999996,144.9366014,-38.1109156,144.65417250000002,43176.0,2018-07-17,09:33:35,10348.259999999998,15:12:08,12.49,ID1,579999037,5002706670,43176.0,0.0,10348.26,-0.0,5,9
ID1618653858,0,7,8,-37.8618349,144.90571599999998,-37.8158343,145.04645,15151.0,2018-01-09,19:04:44,4911.5999999999985,20:26:35,12.78,ID1,1390575046,1889485053,15151.0,0.0,4911.6,-0.0,7,8
ID5961087988,2,9,4,-38.1109156,144.65417250000002,-37.8144495,145.015303,49281.0,2018-04-13,18:17:25,11940.720000000005,21:36:25,1150.73,ID5,5002706670,781109160,49281.0,0.0,11940.72,0.0,9,4
ID5169033302,2,3,2,-37.808788899999996,144.9829109,-37.824139100000004,144.94243459999998,4504.0,2018-02-05,23:15:52,1185.2400000000002,23:35:37,142.26,ID5,6221450545,578120667,4504.0,0.0,1185.24,0.0,3,2
ID1805703188,0,6,3,-37.773845,144.9836895,-37.816849100000006,144.9789949,5516.0,2018-02-26,04:28:21,1144.4400000000005,4:47:25,14.67,ID1,2455254499,356125230,5516.0,0.0,1144.44,0.0,6,3
ID3653771089,1,6,5,-37.7874325,144.9803767,-37.8187937,144.91685259999997,7964.0,2018-04-10,09:58:21,2078.519999999999,10:32:59,11.92,ID3,2204638282,206204601,7964.0,0.0,2078.52,-0.0,6,5
ID1498196725,0,2,5,-37.8250284,144.94528449999999,-37.810691299999995,144.9364149,2331.0,2018-04-15,07:20:36,538.56,7:29:34,9.69,ID1,578120596,560997116,2331.0,0.0,538.56,0.0,2,5
ID3229101646,1,4,8,-37.8026132,145.0024608,-37.8158343,145.04645,5237.0,2018-06-18,04:54:06,1596.96,5:20:42,20.32,ID3,2288769499,1889485053,5237.0,0.0,1596.96,0.0,4,8
ID5318352699,2,1,8,-37.8034831,144.9496043,-37.8158343,145.04645,8764.0,2018-01-06,07:52:53,2406.7200000000007,8:32:59,247.64,ID5,781023109,1889485053,8764.0,0.0,2406.72,0.0,1,8
ID3468981952,1,5,9,-37.811646100000004,144.93177749999998,-38.1109156,144.65417250000002,43772.0,2018-01-17,10:24:01,10527.06,13:19:28,41.6,ID3,373656431,5002706670,43772.0,0.0,10527.06,0.0,5,9
ID1627957665,0,5,1,-37.8132018,144.933495,-37.820637299999994,144.95686659999998,3600.0,2018-06-04,11:23:47,900.78,11:38:47,5.57,ID1,6197211474,1479905320,3600.0,0.0,900.78,0.0,5,1
ID5969684079,2,3,4,-37.819538,144.98972619999998,-37.8054952,144.9978162,2106.0,2018-02-21,15:37:03,492.12000000000006,15:45:15,68.75,ID5,248746957,781118652,2106.0,0.0,492.12,0.0,3,4
ID3325594660,1,4,3,-37.8011789,145.0038446,-37.825466600000006,144.9962188,3414.0,2018-01-27,07:15:25,835.5000000000005,7:29:20,10.02,ID3,2288769421,4157118502,3414.0,0.0,835.5,0.0,4,3
ID3287036001,1,2,7,-37.8138381,144.9368164,-37.8618349,144.90571599999998,10829.0,2018-01-09,18:40:43,3521.220000000001,19:39:24,19.84,ID3,709966960,1390575046,10829.0,0.0,3521.22,0.0,2,7
ID1573726519,0,7,4,-37.8618349,144.90571599999998,-37.8145666,145.0143837,12426.0,2018-02-03,09:11:38,3896.699999999999,10:16:34,12.76,ID1,1390575046,2296606723,12426.0,0.0,3896.7,-0.0,7,4
ID1582917199,0,3,6,-37.818636299999994,144.9827666,-37.7874325,144.9803767,3819.0,2018-07-24,17:10:55,970.56,17:27:05,10.25,ID1,6226313838,2204638282,3819.0,0.0,970.56,0.0,3,6
ID3633944923,1,9,4,-38.1109156,144.65417250000002,-37.8031671,145.00454169999998,47833.0,2018-05-28,09:39:21,11609.700000000004,12:52:50,45.19,ID3,5002706670,6097143765,47833.0,0.0,11609.7,0.0,9,4
ID1353096708,0,4,6,-37.8100628,144.9958751,-37.7907967,144.985865,3108.0,2018-06-21,12:52:15,869.9399999999997,13:06:44,9.03,ID1,4061053484,4307007286,3108.0,0.0,869.94,-0.0,4,6
ID1820080076,0,8,3,-37.807202000000004,145.0266373,-37.8247018,144.9821739,5899.0,2018-06-27,04:41:10,1442.0400000000006,5:05:12,15.06,ID1,304700558,5727168125,5899.0,0.0,1442.04,0.0,8,3
ID3987091377,1,2,7,-37.815892,144.9382513,-37.8618349,144.90571599999998,10337.0,2018-03-10,17:14:41,3387.24,18:11:08,27.61,ID3,1560149439,1390575046,10337.0,0.0,3387.24,0.0,2,7
ID1980445653,0,6,4,-37.7738026,144.98364660000001,-37.8138626,145.00932659999998,10570.0,2018-05-11,14:18:37,3163.0199999999986,15:11:20,10.83,ID1,2455254505,728165741,10570.0,0.0,3163.02,-0.0,6,4
ID5744853050,2,5,7,-37.7996716,144.9254114,-37.8618349,144.90571599999998,12156.0,2018-06-19,06:06:35,3854.340000000001,7:10:49,374.39,ID5,4787778368,1390575046,12156.0,0.0,3854.34,0.0,5,7
ID1198219933,0,4,6,-37.800234100000004,144.9970068,-37.773845,144.9836895,5833.0,2018-04-23,03:23:03,1264.38,3:44:07,12.75,ID1,283059741,2455254499,5833.0,0.0,1264.38,0.0,4,6
ID3224316009,1,6,4,-37.7908183,144.9857929,-37.8126041,145.0120369,4662.0,2018-02-16,01:04:11,1166.3400000000004,1:23:37,20.04,ID3,4307007287,281390979,4662.0,0.0,1166.34,0.0,6,4
ID3247568026,1,9,8,-38.1109156,144.65417250000002,-37.807202000000004,145.0266373,49777.0,2018-06-28,07:55:36,12099.660000000005,11:17:15,49.08,ID3,5002706670,304700558,49777.0,0.0,12099.66,0.0,9,8
ID1700809683,0,5,7,-37.80503,144.9307406,-37.8618349,144.90571599999998,11559.0,2018-07-23,07:21:41,3662.52,8:22:43,9.13,ID1,581741972,1390575046,11559.0,0.0,3662.52,0.0,5,7
ID5795719260,2,8,2,-37.8158343,145.04645,-37.8267473,144.9515487,9303.0,2018-03-18,19:56:21,2720.699999999999,20:41:41,283.31,ID5,1889485053,519816456,9303.0,0.0,2720.7,-0.0,8,2
ID3745813771,1,2,6,-37.8147821,144.9344037,-37.7738026,144.98364660000001,10215.0,2018-05-28,13:06:07,3074.820000000001,13:57:21,21.46,ID3,709970052,2455254505,10215.0,0.0,3074.82,0.0,2,6
ID3709153482,1,2,5,-37.82412670000001,144.9473767,-37.815211600000005,144.9275535,2983.0,2018-02-11,10:11:59,695.1600000000003,10:23:34,10.31,ID3,253027640,4754200377,2983.0,0.0,695.16,0.0,2,5
ID5807424032,2,6,2,-37.7738026,144.98364660000001,-37.820953,144.9475811,9811.0,2018-07-13,23:14:36,2955.5999999999995,0:03:51,309.18,ID5,2455254505,310957465,9811.0,0.0,2955.48,0.12,6,2
ID1155548854,0,1,3,-37.8225751,144.9671826,-37.812884000000004,144.9892226,2791.0,2018-07-09,05:54:02,801.9599999999998,6:07:23,13.86,ID1,847530804,549746579,2791.0,0.0,801.96,-0.0,1,3
ID3631719583,1,5,6,-37.8052662,144.93681899999999,-37.7874421,144.9804091,5782.0,2018-05-09,22:19:52,1550.3400000000006,22:45:42,20.26,ID3,702351916,2204638268,5782.0,0.0,1550.34,0.0,5,6
ID1933042112,0,7,9,-37.8618349,144.90571599999998,-38.1109156,144.65417250000002,50797.0,2018-03-24,15:19:25,13173.36,18:58:58,23.72,ID1,1390575046,5002706670,50797.0,0.0,13173.36,0.0,7,9
ID5440606834,2,3,4,-37.833164399999994,144.9910544,-37.8031089,145.00345359999997,5960.0,2018-05-10,17:47:25,1378.2599999999993,17:24:27,151.13,ID5,207075992,6143862342,5960.0,0.0,1378.26,-0.0,3,4
ID1287333445,0,2,6,-37.8115093,144.93579580000002,-37.7874325,144.9803767,6174.0,2018-06-28,12:17:21,1566.7200000000007,11:51:15,6.02,ID1,710041389,2204638282,6174.0,0.0,1566.72,0.0,2,6
ID5964744751,2,9,7,-38.1109156,144.65417250000002,-37.8618349,144.90571599999998,50797.0,2018-04-26,8:47:28,13204.979999999996,05:07:24,1277.59,ID5,5002706670,1390575046,50797.0,0.0,13204.98,-0.0,9,7
ID3835451743,1,4,5,-37.7996265,145.0188339,-37.80492460000001,144.9348886,8257.0,2018-02-22,10:34:11,2206.32,11:10:57,13.95,ID3,282854648,30942440,8257.0,0.0,2206.32,0.0,4,5
ID3378151310,1,7,2,-37.8618349,144.90571599999998,-37.8255234,144.9482495,8798.0,2018-06-08,11:38:18,2984.4,12:28:02,16.5,ID3,1390575046,1883787547,8798.0,0.0,2984.4,0.0,7,2
ID1491834115,0,7,3,-37.8618349,144.90571599999998,-37.8201261,144.96838459999998,7579.0,2018-05-19,22:21:06,2679.719999999999,21:36:27,20.04,ID1,1390575046,991977663,7579.0,0.0,2679.72,-0.0,7,3
ID1155421721,0,6,5,-37.7908183,144.9857929,-37.810699799999995,144.9283886,6992.0,2018-05-25,05:46:47,1824.5399999999993,6:17:11,13.01,ID1,4307007287,373647142,6992.0,0.0,1824.54,-0.0,6,5
ID1638903640,0,2,6,-37.8143652,144.9473851,-37.7738026,144.98364660000001,8960.0,2018-01-25,20:57:45,2839.08,21:44:37,8.87,ID1,2133731379,2455254505,8960.0,0.0,2839.08,0.0,2,6
ID1651924962,0,9,8,-38.1109156,144.65417250000002,-37.8158343,145.04645,51032.0,2018-07-09,13:26:17,12681.060000000005,09:54:56,15.41,ID1,5002706670,1889485053,51032.0,0.0,12681.06,0.0,9,8
ID3204183308,1,9,4,-38.1109156,144.65417250000002,-37.8142839,145.0023517,47258.0,2018-07-08,10:27:13,11333.76,13:36:02,46.72,ID3,5002706670,309346765,47258.0,0.0,11333.76,0.0,9,4
ID3892789505,1,7,6,-37.8618349,144.90571599999998,-37.7874325,144.9803767,11633.0,2018-05-11,6:21:24,3645.2999999999984,05:20:39,28.88,ID3,1390575046,2204638282,11633.0,0.0,3645.3,-0.0,7,6
ID3241571816,1,6,9,-37.7738026,144.98364660000001,-38.1109156,144.65417250000002,51061.0,2018-04-17,21:44:54,12976.499999999995,1:21:10,63.26,ID3,2455254505,5002706670,51061.0,0.0,12976.5,-0.0,6,9
ID1222258079,0,5,2,-37.8059182,144.9366503,-37.8147542,144.9376992,1138.0,2018-04-24,06:19:14,291.36,6:24:05,2.93,ID1,702376470,634784607,1138.0,0.0,291.36,0.0,5,2
ID1228180520,0,3,5,-37.81455820000001,144.9940228,-37.808292200000004,144.9365023,5860.0,2018-07-17,5:02:28,1404.5399999999993,04:39:04,11.94,ID1,302820292,401416160,5860.0,0.0,1404.54,-0.0,3,5
ID1964316015,0,8,2,-37.807202000000004,145.0266373,-37.8140839,144.93611769999998,8921.0,2018-03-19,05:37:23,2230.919999999999,6:14:33,13.83,ID1,304700558,709968767,8921.0,0.0,2230.92,-0.0,8,2
ID3181870874,1,1,2,-37.8131513,144.95152140000002,-37.8136564,144.93779550000002,1713.0,2018-04-12,23:01:16,413.7,23:08:09,17.54,ID3,1492145835,1224821944,1713.0,0.0,413.7,0.0,1,2
ID5493241166,2,5,8,-37.804394099999996,144.92924519999997,-37.807202000000004,145.0266373,9336.0,2018-04-25,21:46:40,2447.64,22:26:51,256.83,ID5,581752735,304700558,9336.0,0.0,2447.64,0.0,5,8
ID3731382342,1,1,6,-37.8150883,144.95233530000002,-37.7874421,144.9804091,4614.0,2018-03-08,22:02:48,1212.3000000000004,22:23:00,18.63,ID3,1492150970,2204638268,4614.0,0.0,1212.54,-0.24,1,6
ID1636632664,0,8,1,-37.8158343,145.04645,-37.813008,144.9602039,7870.0,2018-01-13,13:14:37,2247.960000000001,12:37:10,14.38,ID1,1889485053,6167231033,7870.0,0.0,2247.96,0.0,8,1
ID5978141566,2,3,7,-37.820887,144.9983072,-37.8618349,144.90571599999998,10503.0,2018-03-13,07:59:18,3362.94,8:55:20,330.71,ID5,3804564099,1390575046,10503.0,0.0,3362.94,0.0,3,7
ID1916527920,0,9,5,-38.1109156,144.65417250000002,-37.799000799999995,144.9274382,44640.0,2018-05-24,11:38:28,10714.859999999997,14:37:02,12.55,ID1,5002706670,123349505,44640.0,0.0,10714.86,-0.0,9,5
ID1337634217,0,7,6,-37.8618349,144.90571599999998,-37.7907967,144.985865,11711.0,2018-07-06,11:20:26,3859.7999999999984,12:24:45,6.81,ID1,1390575046,4307007286,11711.0,0.0,3859.8,-0.0,7,6
ID3297023224,1,6,4,-37.773845,144.9836895,-37.803774700000005,145.01865930000002,8043.0,2018-07-21,10:16:10,1840.6200000000006,09:45:30,14.44,ID3,2455254499,477304300,8043.0,0.0,1840.62,0.0,6,4
ID1770262320,0,7,9,-37.8618349,144.90571599999998,-38.1109156,144.65417250000002,50797.0,2018-07-24,2:49:57,13173.36,23:10:24,23.71,ID1,1390575046,5002706670,50797.0,0.0,13173.36,0.0,7,9
ID1415133432,0,2,8,-37.815124299999994,144.94519609999998,-37.8158343,145.04645,9149.0,2018-05-26,14:18:13,2557.140000000001,15:00:50,15.71,ID1,711778928,1889485053,9149.0,0.0,2557.14,0.0,2,8
ID1255650416,0,5,8,-37.815016899999996,144.9276057,-37.8158343,145.04645,11839.0,2018-05-23,08:53:19,3283.2,9:48:02,7.09,ID1,4754200369,1889485053,11839.0,0.0,3283.2,0.0,5,8
ID5613111904,2,1,5,-37.8238402,144.9563789,-37.8149857,144.9274207,3898.0,2018-05-04,05:15:50,900.6600000000008,5:30:50,114.78,ID5,591276448,4754200365,3898.0,0.0,900.66,0.0,1,5
ID3410497689,1,5,6,-37.8081247,144.9344576,-37.773845,144.9836895,7410.0,2018-05-27,22:46:16,1607.8200000000004,23:13:03,23.64,ID3,5322615235,2455254499,7410.0,0.0,1607.82,0.0,5,6
ID3681792808,1,5,4,-37.805928,144.9320632,-37.808786100000006,145.00874119999997,7274.0,2018-07-02,02:19:31,1821.4800000000007,2:49:52,21.08,ID3,579999697,2312383359,7274.0,0.0,1821.48,0.0,5,4
ID5751596815,2,6,5,-37.7874421,144.9804091,-37.80942039999999,144.93167069999998,6405.0,2018-02-15,10:39:24,1615.7999999999995,11:06:19,164.02,ID5,2204638268,35726391,6405.0,0.0,1615.8,-0.0,6,5
ID3699861663,1,9,3,-38.1109156,144.65417250000002,-37.8121119,144.97398169999997,44426.0,2018-06-20,15:41:22,10707.299999999996,18:39:49,46.72,ID3,5002706670,588197212,44426.0,0.0,10707.3,-0.0,9,3
ID1699747625,0,4,2,-37.8129078,145.0107621,-37.8179314,144.9485611,6152.0,2018-05-26,13:53:13,1483.0800000000006,14:17:56,14.94,ID1,281390989,1217532825,6152.0,0.0,1483.08,0.0,4,2
ID3255247344,1,4,7,-37.81632379999999,145.01423469999997,-37.8618349,144.90571599999998,12403.0,2018-06-05,08:47:03,3856.56,9:51:19,16.6,ID3,2272185758,1390575046,12403.0,0.0,3856.56,0.0,4,7
ID1356117523,0,4,9,-37.8023641,144.9918031,-38.1109156,144.65417250000002,47082.0,2018-02-18,00:38:38,11332.259999999998,3:47:30,24.53,ID1,5864704364,5002706670,47082.0,0.0,11332.26,-0.0,4,9
ID5993069826,2,1,3,-37.8102612,144.96141459999998,-37.8227125,145.0077275,4985.0,2018-03-12,22:24:44,1206.9000000000005,22:44:50,144.2,ID5,4326586189,3738993372,4985.0,0.0,1206.9,0.0,1,3
ID1229558770,0,1,2,-37.8193052,144.9517384,-37.817749299999996,144.9485325,460.0,2018-03-05,02:28:49,117.3,2:30:46,12.71,ID1,1964023936,2442297393,460.0,0.0,117.3,0.0,1,2
ID3246530237,1,4,1,-37.801421999999995,144.99514209999998,-37.8098124,144.97624199999998,2795.0,2018-06-06,23:49:21,702.6599999999997,0:01:03,16.05,ID3,129279537,6245731101,2795.0,0.0,702.66,-0.0,4,1
ID3495124635,1,4,9,-37.8111455,144.99662,-38.1109156,144.65417250000002,46548.0,2018-03-25,19:28:23,11157.06,22:34:20,53.39,ID3,1404234343,5002706670,46548.0,0.0,11157.06,0.0,4,9
ID1442689794,0,3,5,-37.8122037,144.9745305,-37.8006519,144.9269859,6749.0,2018-05-27,04:00:20,1718.58,4:28:58,19.12,ID1,2279153646,3164000427,6749.0,0.0,1718.58,0.0,3,5
ID3515841607,1,8,9,-37.8158343,145.04645,-38.1109156,144.65417250000002,51032.0,2018-05-24,21:32:12,12681.059999999998,1:03:33,58.82,ID3,1889485053,5002706670,51032.0,0.0,12681.06,-0.0,8,9
ID3753641805,1,1,3,-37.8207253,144.96585149999999,-37.812325799999996,144.9735736,1584.0,2018-02-14,16:11:50,374.4,16:18:03,12.35,ID3,664380023,4746121968,1584.0,0.0,374.4,0.0,1,3
ID3997366853,1,3,5,-37.825226799999996,144.99398369999997,-37.816662,144.9273907,7043.0,2018-03-14,20:41:42,1535.22,21:07:17,16.05,ID3,248746918,206204616,7043.0,0.0,1535.22,0.0,3,5
ID5650995534,2,9,7,-38.1109156,144.65417250000002,-37.8618349,144.90571599999998,50797.0,2018-03-12,01:43:54,13204.979999999996,5:23:58,1278.01,ID5,5002706670,1390575046,50797.0,0.0,13204.98,-0.0,9,7
ID5473230257,2,9,5,-38.1109156,144.65417250000002,-37.805971500000005,144.93408290000002,43406.0,2018-07-20,18:32:48,10403.459999999995,21:26:11,1003.79,ID5,5002706670,579999137,43406.0,0.0,10403.46,-0.0,9,5
ID1367704252,0,9,4,-38.1109156,144.65417250000002,-37.8104815,145.015893,48782.0,2018-04-24,07:31:23,11801.460000000005,10:48:04,15.54,ID1,5002706670,207085804,48782.0,0.0,11801.46,0.0,9,4
ID3258179309,1,8,9,-37.807202000000004,145.0266373,-38.1109156,144.65417250000002,49777.0,2018-06-17,01:15:28,12069.78,4:36:37,60.55,ID3,304700558,5002706670,49777.0,0.0,12069.78,0.0,8,9
ID5817158124,2,9,4,-38.1109156,144.65417250000002,-37.803078799999994,144.9984441,47266.0,2018-03-20,07:04:39,11478.960000000005,10:15:57,1096.92,ID5,5002706670,3065030527,47266.0,0.0,11478.96,0.0,9,4
ID5632083781,2,5,6,-37.8047601,144.93665380000002,-37.7907967,144.985865,6015.0,2018-07-05,13:04:10,1730.3400000000006,13:33:00,185.61,ID5,3790949323,4307007286,6015.0,0.0,1730.34,0.0,5,6
ID5875176048,2,7,9,-37.8618349,144.90571599999998,-38.1109156,144.65417250000002,50797.0,2018-01-01,12:18:58,13173.36,15:58:31,1266.79,ID5,1390575046,5002706670,50797.0,0.0,13173.36,0.0,7,9
ID1130051198,0,3,4,-37.8197947,144.9731057,-37.8122974,145.00495800000002,4000.0,2018-04-19,15:15:54,1014.8399999999997,15:32:48,10.12,ID1,664380401,5167159978,4000.0,0.0,1014.84,-0.0,3,4
ID5519895577,2,5,8,-37.8059969,144.93189019999997,-37.8158343,145.04645,10394.0,2018-03-23,11:43:59,2922.78,12:32:41,287.22,ID5,580000921,1889485053,10394.0,0.0,2922.78,0.0,5,8
ID1998877611,0,8,2,-37.8158343,145.04645,-37.8249449,144.9487577,9389.0,2018-01-20,20:17:13,2715.7799999999984,21:02:28,15.79,ID1,1889485053,452380773,9389.0,0.0,2715.78,-0.0,8,2
ID1289068705,0,8,3,-37.807202000000004,145.0266373,-37.8142194,144.97445349999998,5575.0,2018-06-30,19:38:02,1388.4599999999996,20:01:10,9.28,ID1,304700558,1449431464,5575.0,0.0,1388.46,-0.0,8,3
ID5324529364,2,1,3,-37.8054323,144.9696279,-37.817001700000006,145.0049113,3844.0,2018-05-25,10:46:33,982.1400000000003,11:02:55,103.8,ID5,493873181,1463620399,3844.0,0.0,982.14,0.0,1,3
ID1848514021,0,8,9,-37.8158343,145.04645,-38.1109156,144.65417250000002,51032.0,2018-06-23,00:30:06,12681.059999999998,4:01:27,28.65,ID1,1889485053,5002706670,51032.0,0.0,12681.06,-0.0,8,9
ID1646345354,0,8,6,-37.8158343,145.04645,-37.7874325,144.9803767,8361.0,2018-03-14,13:19:30,2438.2200000000007,14:00:08,9.87,ID1,1889485053,2204638282,8361.0,0.0,2438.22,0.0,8,6
ID1504351534,0,5,7,-37.7882593,144.9292392,-37.8618349,144.90571599999998,12611.0,2018-02-28,20:52:28,3977.4600000000014,21:58:45,17.03,ID1,65702505,1390575046,12611.0,0.0,3977.46,0.0,5,7
ID3845010581,1,3,6,-37.8141203,144.9716676,-37.7874421,144.9804091,3240.0,2018-04-30,03:35:32,815.46,3:49:07,22.03,ID3,6167344586,2204638268,3240.0,0.0,815.46,0.0,3,6
ID3252165611,1,5,7,-37.8100641,144.9305062,-37.8618349,144.90571599999998,11758.0,2018-06-30,00:23:02,3748.1400000000012,1:25:30,33.21,ID3,581703787,1390575046,11758.0,0.0,3748.14,0.0,5,7
ID5232655573,2,4,1,-37.810677899999995,145.01195780000003,-37.8056943,144.9772061,3679.0,2018-01-06,02:39:53,869.2200000000003,2:54:22,117.4,ID5,5668009826,4297530207,3679.0,0.0,869.22,0.0,4,1
ID3272361481,1,6,9,-37.773845,144.9836895,-38.1109156,144.65417250000002,48197.0,2018-05-10,04:45:18,11519.399999999998,7:57:17,55.49,ID3,2455254499,5002706670,48197.0,0.0,11519.4,-0.0,6,9
ID1418523055,0,9,4,-38.1109156,144.65417250000002,-37.8045527,144.993404,46690.0,2018-02-20,02:57:33,11306.220000000005,6:05:59,19.84,ID1,5002706670,846540137,46690.0,0.0,11306.22,0.0,9,4
ID1849293141,0,1,8,-37.815943700000005,144.9609659,-37.807202000000004,145.0266373,6851.0,2018-04-06,09:33:54,1657.02,10:01:31,5.51,ID1,6167489467,304700558,6851.0,0.0,1657.02,0.0,1,8
ID1193727990,0,5,8,-37.8049255,144.92721369999998,-37.807202000000004,145.0266373,9505.0,2018-04-04,16:19:07,2500.26,17:00:11,8.81,ID1,581713850,304700558,9505.0,0.0,2500.26,0.0,5,8
ID3904855232,1,5,3,-37.8083237,144.9212169,-37.8196174,144.9687616,5137.0,2018-06-30,18:42:58,1336.9800000000012,19:05:14,13.77,ID3,373644746,664380203,5137.0,0.0,1336.98,0.0,5,3
ID1593132752,0,2,6,-37.811480700000004,144.92788080000003,-37.7907967,144.985865,7587.0,2018-06-30,20:01:09,2075.640000000001,20:35:44,7.66,ID1,4893628985,4307007286,7587.0,0.0,2075.64,0.0,2,6
ID1585694408,0,3,2,-37.8088109,144.9831656,-37.8148533,144.9378063,4321.0,2018-06-04,04:04:11,1080.1200000000003,4:22:11,11.83,ID1,6221450542,634777979,4321.0,0.0,1080.12,0.0,3,2
ID3864766493,1,4,7,-37.7994744,145.00214069999998,-37.8618349,144.90571599999998,12422.0,2018-03-08,22:25:13,3943.0200000000013,23:30:56,28.97,ID3,5668009766,1390575046,12422.0,0.0,3943.02,0.0,4,7
ID5505090782,2,8,5,-37.8158343,145.04645,-37.8062355,144.9335839,10242.0,2018-06-30,04:12:06,2897.039999999998,5:00:23,310.76,ID5,1889485053,52504619,10242.0,0.0,2897.04,-0.0,8,5
ID1334898258,0,3,5,-37.8155657,144.97628730000002,-37.8094914,144.9262248,5492.0,2018-04-30,12:52:52,1322.6999999999996,13:14:54,10.63,ID1,294630533,4893634392,5492.0,0.0,1322.7,-0.0,3,5
ID5565348398,2,6,8,-37.773845,144.9836895,-37.8158343,145.04645,10698.0,2018-06-30,14:34:31,2756.46,15:20:27,280.76,ID5,2455254499,1889485053,10698.0,0.0,2756.46,0.0,6,8
ID1158768433,0,7,3,-37.8618349,144.90571599999998,-37.8168138,144.9881655,9575.0,2018-04-05,13:18:56,3125.6999999999994,14:11:01,11.76,ID1,1390575046,2810279744,9575.0,0.0,3125.7,-0.0,7,3
ID5397437715,2,5,9,-37.802147399999996,144.9379185,-38.1109156,144.65417250000002,43943.0,2018-01-13,13:02:14,10541.28,15:57:55,1023.9,ID5,4807112214,5002706670,43943.0,0.0,10541.28,0.0,5,9
ID3374100101,1,2,3,-37.8225585,144.9501314,-37.8166,145.0056126,5261.0,2018-06-30,04:30:47,1405.74,4:54:08,20.43,ID3,92137440,5636163336,5261.0,0.0,1405.74,0.0,2,3
ID3598690350,1,7,8,-37.8618349,144.90571599999998,-37.8158343,145.04645,15151.0,2018-02-02,03:57:10,4911.5999999999985,5:19:01,32.14,ID3,1390575046,1889485053,15151.0,0.0,4911.6,-0.0,7,8
ID1943587675,0,4,8,-37.8138028,145.0142999,-37.807202000000004,145.0266373,3392.0,2018-07-28,08:20:54,854.8199999999998,8:35:08,8.48,ID1,6222911339,304700558,3392.0,0.0,854.82,-0.0,4,8
ID1924434409,0,4,5,-37.8032475,144.9890489,-37.8057345,144.9287381,6336.0,2018-07-20,23:02:01,1646.8200000000004,23:29:27,13.53,ID1,363973195,581712807,6336.0,0.0,1646.82,0.0,4,5
ID3423425611,1,8,2,-37.8158343,145.04645,-37.814368,144.9382372,9894.0,2018-06-25,09:30:20,2776.619999999999,10:16:36,14.71,ID3,1889485053,441031308,9894.0,0.0,2776.62,-0.0,8,2
ID5201227832,2,4,2,-37.8053404,144.9960208,-37.8243506,144.9438143,5846.0,2018-02-23,03:00:54,1576.9200000000005,3:27:10,179.76,ID5,3830161454,571731118,5846.0,0.0,1576.92,0.0,4,2
ID1922972506,0,2,9,-37.8161757,144.9452946,-38.1109156,144.65417250000002,41774.0,2018-05-18,22:40:02,10047.78,1:27:29,20.56,ID1,2347007236,5002706670,41774.0,0.0,10047.78,0.0,2,9
ID3393909375,1,7,3,-37.8618349,144.90571599999998,-37.8188557,144.998089,10464.0,2018-06-03,22:47:32,3355.259999999999,23:43:27,29.58,ID3,1390575046,356092106,10464.0,0.0,3355.26,-0.0,7,3
ID1613065469,0,1,8,-37.8067729,144.9628411,-37.8158343,145.04645,7450.0,2018-04-02,03:04:31,2174.46,3:40:45,14.9,ID1,6125904523,1889485053,7450.0,0.0,2174.46,0.0,1,8
ID1568989625,0,9,8,-38.1109156,144.65417250000002,-37.807202000000004,145.0266373,49777.0,2018-04-07,07:34:04,12099.660000000005,10:55:43,21.76,ID1,5002706670,304700558,49777.0,0.0,12099.66,0.0,9,8
ID3303670917,1,2,2,-37.8116002,144.9426555,-37.8134231,144.9412206,1592.0,2018-01-26,23:22:50,390.60000000000014,23:29:20,17.74,ID3,1668523063,1224856500,1592.0,0.0,390.6,0.0,2,2
ID3149592578,1,5,1,-37.803239500000004,144.93609740000002,-37.812028399999996,144.97221330000002,4031.0,2018-04-16,12:28:59,897.9,12:44:04,13.12,ID3,762835990,3148693051,4031.0,0.0,897.9,0.0,5,1
ID3980532028,1,2,7,-37.823676299999995,144.9377404,-37.8618349,144.90571599999998,9770.0,2018-04-10,02:26:01,3268.86,3:20:29,26.06,ID3,529157829,1390575046,9770.0,0.0,3268.86,0.0,2,7
ID1720648366,0,9,8,-38.1109156,144.65417250000002,-37.8158343,145.04645,51032.0,2018-04-08,19:24:06,12681.060000000005,22:55:27,23.38,ID1,5002706670,1889485053,51032.0,0.0,12681.06,0.0,9,8
ID1448274298,0,7,1,-37.8618349,144.90571599999998,-37.8068572,144.9462833,9890.0,2018-07-23,19:07:45,3323.399999999997,20:03:08,10.14,ID1,1390575046,3218227005,9890.0,0.0,3323.4,-0.0,7,1
ID1206648267,0,2,6,-37.8096965,144.938704,-37.773845,144.9836895,7420.0,2018-05-23,17:26:37,1662.84,17:54:19,8.45,ID1,641030470,2455254499,7420.0,0.0,1662.84,0.0,2,6
ID3631180996,1,6,5,-37.7907967,144.985865,-37.8040696,144.9335986,6269.0,2018-02-06,13:22:35,1817.58,13:52:52,15.82,ID3,4307007286,4794459318,6269.0,0.0,1817.58,0.0,6,5
ID3746880605,1,4,2,-37.8033896,144.990466,-37.8156883,144.9378168,5448.0,2018-05-11,14:01:15,1390.5000000000007,14:24:25,15.63,ID3,25635444,1560149584,5448.0,0.0,1390.5,0.0,4,2
ID1373919320,0,2,8,-37.823609999999995,144.93765969999998,-37.807202000000004,145.0266373,9245.0,2018-07-23,18:38:49,2398.2000000000007,19:18:47,11.54,ID1,529157828,304700558,9245.0,0.0,2398.2,0.0,2,8
ID3397533509,1,3,6,-37.8238081,144.9883124,-37.7874421,144.9804091,4740.0,2018-06-23,09:22:45,1202.52,9:42:47,11.96,ID3,576873446,2204638268,4740.0,0.0,1202.52,0.0,3,6
ID3634808164,1,8,5,-37.8158343,145.04645,-37.806219299999995,144.93257519999997,10374.0,2018-03-26,06:52:13,2928.8999999999987,7:41:01,15.32,ID3,1889485053,3106293102,10374.0,0.0,2928.9,-0.0,8,5
ID3223490042,1,7,5,-37.8618349,144.90571599999998,-37.799333399999995,144.9259476,12064.0,2018-02-07,05:08:52,3830.759999999999,6:12:42,30.03,ID3,1390575046,123343221,12064.0,0.0,3830.76,-0.0,7,5
ID1580713748,0,9,6,-38.1109156,144.65417250000002,-37.7907967,144.985865,47193.0,2018-07-20,14:23:57,11535.780000000008,17:36:12,18.26,ID1,5002706670,4307007286,47193.0,0.0,11536.02,-0.24,9,6
ID1430826227,0,8,4,-37.8158343,145.04645,-37.8028201,144.9956864,5274.0,2018-03-11,11:21:18,1635.0600000000004,11:48:33,9.57,ID1,1889485053,128876893,5274.0,0.0,1635.06,0.0,8,4
ID1825646086,0,2,2,-37.809670399999995,144.92619390000002,-37.8237544,144.9405293,3601.0,2018-01-01,09:50:42,881.76,10:05:23,6.85,ID1,4893634398,529158814,3601.0,0.0,881.76,0.0,2,2
ID3761519560,1,7,8,-37.8618349,144.90571599999998,-37.8158343,145.04645,15151.0,2018-05-11,14:52:36,4911.5999999999985,16:14:27,27.18,ID3,1390575046,1889485053,15151.0,0.0,4911.6,-0.0,7,8
ID3843996876,1,9,7,-38.1109156,144.65417250000002,-37.8618349,144.90571599999998,50797.0,2018-01-06,18:10:59,13204.979999999996,21:51:03,59.97,ID3,5002706670,1390575046,50797.0,0.0,13204.98,-0.0,9,7
ID1529951450,0,6,9,-37.7874325,144.9803767,-38.1109156,144.65417250000002,47033.0,2018-06-14,02:58:34,11350.5,6:07:44,19.72,ID1,2204638282,5002706670,47033.0,0.0,11350.5,0.0,6,9
ID3216818245,1,1,6,-37.8002511,144.9597986,-37.7874421,144.9804091,3221.0,2018-01-18,17:26:36,812.46,17:40:08,13.06,ID3,871096413,2204638268,3221.0,0.0,812.46,0.0,1,6
ID3509571398,1,9,8,-38.1109156,144.65417250000002,-37.807202000000004,145.0266373,49777.0,2018-06-19,02:13:31,12099.660000000005,5:35:10,58.62,ID3,5002706670,304700558,49777.0,0.0,12099.66,0.0,9,8
ID3948490979,1,1,2,-37.8077968,144.97320219999997,-37.819146,144.9463523,3022.0,2018-05-15,05:29:47,730.8600000000001,5:41:57,17.6,ID3,767647073,560989090,3022.0,0.0,730.86,0.0,1,2
ID1814845603,0,4,8,-37.79916,144.98987639999999,-37.8158343,145.04645,6190.0,2018-02-09,12:54:07,1899.9600000000007,13:25:46,10.69,ID1,2672588669,1889485053,6190.0,0.0,1899.96,0.0,4,8
ID3921470826,1,7,8,-37.8618349,144.90571599999998,-37.8158343,145.04645,15151.0,2018-04-17,00:47:45,4911.5999999999985,2:09:36,34.56,ID3,1390575046,1889485053,15151.0,0.0,4911.6,-0.0,7,8
ID3290316492,1,7,8,-37.8618349,144.90571599999998,-37.8158343,145.04645,15151.0,2018-07-16,17:00:41,4911.5999999999985,18:22:32,27.42,ID3,1390575046,1889485053,15151.0,0.0,4911.6,-0.0,7,8
ID5522286199,2,5,3,-37.8011739,144.9416032,-37.8198075,144.974575,4518.0,2018-07-09,05:59:43,1196.76,6:19:39,142.35,ID5,4787976072,2941596446,4518.0,0.0,1196.76,0.0,5,3
ID1239630291,0,5,1,-37.8152417,144.9276167,-37.8061899,144.9783206,5876.0,2018-04-26,10:58:50,1515.18,11:23:38,5.1,ID1,4754200380,477079747,5876.0,0.0,1515.18,0.0,5,1
ID3458816710,1,4,5,-37.811721999999996,145.0119814,-37.8115487,144.9361249,7029.0,2018-04-24,15:36:47,1795.379999999999,16:06:42,16.69,ID3,4028046129,310727778,7029.0,0.0,1795.38,-0.0,4,5
ID3231067158,1,5,1,-37.8005394,144.9346418,-37.8081851,144.9756244,6001.0,2018-03-08,23:12:19,1520.880000000001,23:37:39,20.62,ID3,4884445041,4283908118,6001.0,0.0,1520.88,0.0,5,1
ID3747538374,1,5,3,-37.805980600000005,144.93913480000003,-37.816376299999995,144.9963062,5766.0,2018-07-03,15:00:24,1459.4399999999991,15:24:43,14.64,ID3,5556315220,30385484,5766.0,0.0,1459.44,-0.0,5,3
ID1257215158,0,7,5,-37.8618349,144.90571599999998,-37.8070674,144.9376258,10469.0,2018-07-07,20:56:15,3453.839999999999,21:53:48,15.84,ID1,1390575046,581784564,10469.0,0.0,3453.84,-0.0,7,5
ID3553727380,1,4,9,-37.801218799999994,145.0085809,-38.1109156,144.65417250000002,48483.0,2018-06-06,07:21:42,11751.48,10:37:33,44.58,ID3,580530626,5002706670,48483.0,0.0,11751.48,0.0,4,9
ID3401993895,1,2,5,-37.8088806,144.92529330000002,-37.8045552,144.91604080000002,2053.0,2018-03-02,04:29:27,466.38000000000005,4:37:13,16.57,ID3,581703510,580320051,2053.0,0.0,466.38,0.0,2,5
ID1132426781,0,2,4,-37.812144599999996,144.93793540000001,-37.7977356,145.0083176,7925.0,2018-05-13,00:03:36,2076.78,0:38:12,17.2,ID1,634775006,282852629,7925.0,0.0,2076.78,0.0,2,4
ID3184267978,1,7,1,-37.8618349,144.90571599999998,-37.8143175,144.9655652,8242.0,2018-01-18,01:52:32,2822.4599999999987,2:39:34,26.24,ID3,1390575046,1327098193,8242.0,0.0,2822.46,-0.0,7,1
ID1634984587,0,7,8,-37.8618349,144.90571599999998,-37.807202000000004,145.0266373,13986.0,2018-04-02,17:43:20,4292.399999999998,18:54:52,13.35,ID1,1390575046,304700558,13986.0,0.0,4292.4,-0.0,7,8
ID1492503847,0,7,4,-37.8618349,144.90571599999998,-37.8142704,145.01112719999998,12297.0,2018-01-08,05:07:18,3831.4199999999987,6:11:09,13.61,ID1,1390575046,3130999255,12297.0,0.0,3831.42,-0.0,7,4
ID3700307105,1,6,7,-37.7874421,144.9804091,-37.8618349,144.90571599999998,11630.0,2018-06-16,17:10:17,3697.0200000000013,18:11:54,26.16,ID3,2204638268,1390575046,11630.0,0.0,3697.02,0.0,6,7
ID3352497143,1,6,8,-37.773845,144.9836895,-37.807202000000004,145.0266373,8606.0,2018-01-18,23:58:41,1995.7200000000007,0:31:56,22.29,ID3,2455254499,304700558,8606.0,0.0,1995.72,0.0,6,8
ID1552987400,0,4,3,-37.815371899999995,145.0090574,-37.82040679999999,144.99533,1753.0,2018-06-02,15:24:13,437.70000000000016,15:31:30,11.54,ID1,410105024,440051921,1753.0,0.0,437.7,0.0,4,3
ID1492979438,0,4,3,-37.8145067,144.99993519999998,-37.8127138,144.9827524,1913.0,2018-06-22,01:59:35,500.58,2:07:55,12.9,ID1,4315827371,650276301,1913.0,0.0,500.58,0.0,4,3
ID1651736210,0,9,8,-38.1109156,144.65417250000002,-37.8158343,145.04645,51032.0,2018-01-20,08:14:37,12681.060000000005,11:45:58,19.21,ID1,5002706670,1889485053,51032.0,0.0,12681.06,0.0,9,8
ID5466994463,2,5,1,-37.804768599999996,144.92610469999997,-37.812951899999995,144.9634807,3960.0,2018-06-01,09:23:18,877.1400000000003,9:37:55,97.17,ID5,581739037,2272199918,3960.0,0.0,877.14,0.0,5,1
ID1560936115,0,5,1,-37.8075805,144.9324425,-37.8127454,144.93719109999998,1026.0,2018-02-03,14:56:56,269.64000000000004,15:01:25,13.64,ID1,581704986,634783569,1026.0,0.0,269.64,0.0,5,1
ID1559555658,0,5,3,-37.804305299999996,144.92901030000002,-37.8267979,144.98221759999998,6019.0,2018-05-23,14:30:58,1547.0400000000004,14:56:45,8.8,ID1,581750692,163643112,6019.0,0.0,1547.04,0.0,5,3
ID1849879030,0,6,1,-37.7874325,144.9803767,-37.8104848,144.95242969999998,4471.0,2018-02-04,09:29:02,1151.8799999999997,9:48:13,8.69,ID1,2204638282,289597248,4471.0,0.0,1151.88,-0.0,6,1
ID1682168229,0,6,5,-37.7874421,144.9804091,-37.804126399999994,144.9349167,6362.0,2018-05-16,19:17:57,1689.3,19:46:06,9.73,ID1,2204638268,52504539,6362.0,0.0,1689.3,0.0,6,5
ID1245149742,0,2,9,-37.810169099999996,144.9365608,-38.1109156,144.65417250000002,42755.0,2018-01-16,11:43:18,10251.06,14:34:09,13.48,ID1,560997118,5002706670,42755.0,0.0,10251.06,0.0,2,9
ID1642787334,0,9,6,-38.1109156,144.65417250000002,-37.7874325,144.9803767,47033.0,2018-07-19,21:31:19,11355.660000000005,0:40:34,21.36,ID1,5002706670,2204638282,47033.0,0.0,11355.66,0.0,9,6
ID3878255734,1,2,2,-37.81206829999999,144.9383555,-37.817134,144.9531197,2222.0,2018-03-17,16:49:10,533.2800000000002,16:58:03,15.37,ID3,1224821954,6167231006,2222.0,0.0,533.28,0.0,2,2
ID1954812577,0,5,7,-37.8016619,144.9386283,-37.8618349,144.90571599999998,11736.0,2018-06-03,14:46:47,3825.720000000001,15:50:32,16.23,ID1,4787373511,1390575046,11736.0,0.0,3825.72,0.0,5,7
ID1705553368,0,4,5,-37.8047683,144.9981308,-37.8100144,144.9360754,6187.0,2018-02-23,14:20:23,1547.819999999999,14:46:10,10.78,ID1,3121558868,560997614,6187.0,0.0,1547.82,-0.0,4,5
ID1559306567,0,9,3,-38.1109156,144.65417250000002,-37.8163099,144.98212769999998,45103.0,2018-01-14,02:40:57,10875.240000000002,5:42:12,24.46,ID1,5002706670,576835814,45103.0,0.0,10875.24,0.0,9,3
ID1622825962,0,7,9,-37.8618349,144.90571599999998,-38.1109156,144.65417250000002,50797.0,2018-07-24,17:02:45,13173.36,20:42:18,19.76,ID1,1390575046,5002706670,50797.0,0.0,13173.36,0.0,7,9
ID1429306269,0,1,5,-37.81134229999999,144.96567040000002,-37.8056135,144.9296361,3655.0,2018-07-06,08:22:12,870.4199999999997,8:36:42,3.7,ID1,4544002877,3240572174,3655.0,0.0,870.42,-0.0,1,5
ID1193656676,0,1,2,-37.8220196,144.9606834,-37.813010600000005,144.93361000000002,4459.0,2018-04-13,08:53:51,1047.36,9:11:18,3.96,ID1,2173290781,6197211470,4459.0,0.0,1047.36,0.0,1,2
